id,nombre,apellidos,edad,salario,profesion,pais
59635,Todd,Morris,38,7145100,"Designer, textile",Pakistan
84733,Tammie,Lopez,36,1194100,Media planner,Monaco
58871,Laura,Jefferson,34,7818400,Radio broadcast assistant,South Georgia and the South Sandwich Islands
44823,Olivia,Crane,42,6536000,"Investment banker, corporate",Eritrea
59572,Molly,Fuentes,22,1372000,Management consultant,Mauritius
11238,Renee,Ayala,54,8399300,"Psychologist, forensic",Gibraltar
32847,Nancy,Graham,52,5730200,Ambulance person,Turks and Caicos Islands
31740,Dustin,Sparks,21,7929800,Futures trader,Italy
74880,William,Carter,56,2612800,Soil scientist,Nauru
31824,Justin,Castaneda,33,8840500,Petroleum engineer,Tuvalu
77659,Jennifer,Wright,39,3456800,Government social research officer,Antigua and Barbuda
29616,Wendy,Conner,19,5559700,Wellsite geologist,Eritrea
46393,Nathan,Gill,48,1871400,Media planner,Switzerland
66689,Olivia,Greene,45,9462600,Speech and language therapist,Georgia
78706,Judy,Martinez,29,4319300,Speech and language therapist,Aruba
23305,Andrew,Garcia,55,3113000,Ship broker,Dominica
64971,Debra,Callahan,53,6704800,"Journalist, newspaper",Luxembourg
12332,Justin,Martin,40,8699500,Insurance risk surveyor,Iceland
7713,Jerry,Hernandez,52,8268100,Orthoptist,Cocos (Keeling) Islands
44464,Caitlin,Lewis,40,3943500,Glass blower/designer,Bangladesh
84121,Jennifer,Torres,37,5166700,"Civil engineer, contracting",Aruba
20075,Ashley,Gates,20,8074100,Jewellery designer,Turkmenistan
68389,Victoria,Jones,26,8964700,Chartered accountant,Lao People's Democratic Republic
23458,Joseph,Adams,29,6415600,"Engineer, petroleum",Jersey
80552,Daniel,Jones,30,2684300,Horticultural consultant,Turkey
9095,Mary,Mahoney,50,8602600,Artist,Cambodia
40,Patrick,Brown,57,5327200,Commercial art gallery manager,Saudi Arabia
60382,Lori,Wood,57,5641000,"Administrator, arts",Costa Rica
56937,Anthony,Waters,59,9620000,Contractor,Indonesia
28060,Danielle,Walton,31,3450600,Manufacturing engineer,Mozambique
14075,James,Decker,34,5843300,Illustrator,Montenegro
92010,Steven,Morrow,32,3410600,Financial risk analyst,Armenia
98804,Adam,Herring,41,7703900,Planning and development surveyor,Angola
87333,Tiffany,Dixon,36,9710200,Translator,Sudan
70570,Marcus,Lutz,31,5031500,Ecologist,Equatorial Guinea
84189,Patricia,Smith,42,4772800,"Engineer, broadcasting (operations)",Saint Helena
36135,Julian,Robinson,49,2640600,Field seismologist,Antigua and Barbuda
87319,Marcia,Jones,45,5256100,Structural engineer,Tokelau
97865,Joseph,Sanders,50,9678300,"Designer, interior/spatial",Sierra Leone
89024,Ivan,Johnson,63,6461300,Information systems manager,Estonia
42302,Amanda,Chen,49,9920200,"Engineer, production",Cocos (Keeling) Islands
17069,David,Barnett,40,5856300,Regulatory affairs officer,Germany
74249,Mary,Holmes,46,6777800,Fashion designer,Bolivia
86382,Randall,Lewis,22,6746700,Commercial/residential surveyor,Malta
84782,Mary,Jones,34,1524500,"Clinical scientist, histocompatibility and immunogenetics",Colombia
41550,Paula,Burch,64,4354600,Psychotherapist,Vanuatu
74880,Amy,Lewis,19,3615100,"Surveyor, quantity",Norfolk Island
94193,Amy,Bryant,18,4551100,General practice doctor,Norway
73626,Linda,Potter,65,3277700,"Loss adjuster, chartered",Pitcairn Islands
59268,Karen,Chavez,36,9382800,Social worker,Kazakhstan
92324,Diane,Bruce,40,1675200,Catering manager,Belgium
40001,Melody,Irwin,38,2495200,"Engineer, structural",Ukraine
54196,Joshua,Ward,31,1442000,Mental health nurse,India
26178,Matthew,Campbell,40,8163600,Contracting civil engineer,Guadeloupe
62631,David,Schmidt,28,3182600,Education administrator,Tunisia
23215,Patrick,Lambert,48,2675300,Senior tax professional/tax inspector,Cayman Islands
73362,Marisa,Baker,45,5943200,Historic buildings inspector/conservation officer,Antarctica (the territory South of 60 deg S)
43710,Melanie,Taylor,18,1262400,"Civil engineer, consulting",Maldives
60981,Laura,Sutton,63,8100000,"Programmer, systems",Guyana
27521,Dana,Torres,55,6200100,Network engineer,Ethiopia
13193,Alvin,Morales,34,1078700,Charity officer,Poland
91863,Benjamin,Diaz,33,8074500,"Scientist, research (maths)",Moldova
27034,Matthew,Jones,44,9356300,Psychiatrist,Cyprus
8558,Anthony,Howell,65,3154300,Dance movement psychotherapist,Argentina
72120,Ryan,Fisher,27,6853900,Pharmacologist,Korea
75127,Karen,Fisher,41,6217000,Print production planner,Cocos (Keeling) Islands
7128,Kathryn,Herring,25,5775000,"Teacher, primary school",Saint Martin
92156,Judy,Wallace,18,8351200,Heritage manager,Antigua and Barbuda
57144,Joshua,Silva,41,5189600,Holiday representative,Nauru
11931,Anthony,Smith,56,3749300,"Scientist, biomedical",Chile
63119,Mark,Gonzales,63,4745700,Geochemist,Germany
68971,Christopher,Clark,26,1845900,Clinical biochemist,Eritrea
11570,Cindy,Ruiz,63,2098600,Ceramics designer,South Georgia and the South Sandwich Islands
46307,Andrew,Gray,22,3600400,Seismic interpreter,Lao People's Democratic Republic
24580,Tommy,Knight,38,4090700,Agricultural engineer,Ghana
82853,Eddie,Moon,47,5691600,"Engineer, maintenance",Saint Helena
27973,Laura,Green,42,3414000,Office manager,Oman
11783,Kyle,Garcia,25,5663000,"Teacher, secondary school",American Samoa
95268,Benjamin,Cain,52,2623000,Social worker,Singapore
95667,Joshua,Chen,28,8029000,"Radiographer, diagnostic",Denmark
79520,Evelyn,Schroeder,27,1522000,Paediatric nurse,Christmas Island
65336,Brandy,Hernandez,22,4530200,Location manager,Bahamas
47155,Troy,Weaver,47,2383500,Prison officer,Sudan
26533,Bryan,Carter,31,9366900,Land,Guam
33869,Joseph,Carlson,32,9350200,Aid worker,Grenada
98913,Karl,Nolan,64,1712300,"Engineer, manufacturing",Turkey
20196,Kelly,Maxwell,35,6701700,Medical illustrator,Malta
40988,Julie,Murphy,46,1012000,Television production assistant,Greece
96201,Danielle,Hill,26,4849900,Structural engineer,Myanmar
56284,Brittany,Murray,35,6443900,"Journalist, magazine",Poland
59655,Haley,Ho,37,7078600,Travel agency manager,Fiji
32027,Katherine,Dominguez,29,9061000,Telecommunications researcher,Samoa
40881,Steven,Wilson,19,4899200,English as a second language teacher,Lao People's Democratic Republic
30717,Chad,Lee,35,6356200,Economist,Pitcairn Islands
8990,Ashley,Murray,21,7821600,Meteorologist,Rwanda
60573,Terri,Vargas,63,6744300,"Radiographer, therapeutic",Svalbard & Jan Mayen Islands
92141,Kevin,Collins,40,6018900,Theatre manager,Solomon Islands
37833,Penny,Williams,42,3878100,Hydrographic surveyor,Rwanda
19658,Jeremiah,Mendoza,44,8956300,Printmaker,Guam
37098,Joseph,Bush,23,3444300,Broadcast journalist,Mozambique
8324,Shawn,Perez,23,2406400,"Engineer, manufacturing systems",Bosnia and Herzegovina
70541,Nancy,Brown,51,3870400,Marketing executive,Azerbaijan
31763,Alexandra,Chen,21,9450500,Gaffer,Azerbaijan
92409,Sarah,Herring,41,5396700,Fisheries officer,Nigeria
78370,Scott,Peterson,59,2371100,Orthoptist,New Caledonia
4618,Abigail,Moore,49,3448400,Air cabin crew,Saint Barthelemy
8346,Tiffany,Martin,34,6437700,Contracting civil engineer,Benin
12069,Mark,Crawford,19,3992600,Chartered public finance accountant,Sweden
75064,Bradley,Castro,29,4240800,Dietitian,Jamaica
608,Omar,Walsh,32,2422700,"Surveyor, commercial/residential",Honduras
13005,Gary,Bernard,45,4452800,Charity fundraiser,France
72669,Sharon,Olsen,21,1116600,International aid/development worker,Mauritius
75010,Robert,Willis,39,7633600,Geochemist,Saint Helena
80932,Joseph,Pham,50,6765900,Insurance claims handler,Liberia
37806,Jill,Harrison,19,6373900,Medical laboratory scientific officer,Uruguay
85005,David,Bennett,30,5107900,Psychotherapist,South Africa
32404,Ashley,Stewart,64,8030400,Youth worker,Marshall Islands
24554,Lori,Hopkins,65,3015200,Teaching laboratory technician,Saint Martin
81046,Antonio,Adams,21,6538500,Lawyer,Netherlands Antilles
43848,Kimberly,Gutierrez,44,5929600,Chief Operating Officer,Cape Verde
29926,Samantha,Maxwell,56,6939800,"Scientist, water quality",Tokelau
24554,Aaron,Sharp,38,6677900,Hotel manager,Holy See (Vatican City State)
36851,Jennifer,Brady,57,5472200,Clinical embryologist,Nigeria
97055,Aaron,Castaneda,65,3074400,Broadcast presenter,Estonia
57106,Alyssa,Evans,28,7257800,Licensed conveyancer,Gabon
65357,Keith,Woodard,49,7090200,Environmental manager,Barbados
58933,Maria,Cortez,24,3036700,Holiday representative,Jersey
1803,Jade,West,57,7649600,"Scientist, physiological",Lithuania
86445,Justin,Fletcher,32,7872200,"Education officer, museum",Belarus
6181,Joshua,Hester,22,6998300,Risk analyst,Kuwait
58818,Richard,Spencer,56,6037500,Town planner,Estonia
30735,Sean,Shah,31,7436500,Medical laboratory scientific officer,Palestinian Territory
96282,Natalie,Hampton,53,1282400,Corporate investment banker,Saint Martin
99207,Tony,Dudley,53,5224600,Market researcher,Cook Islands
60330,Nicholas,Kim,52,2974700,Tax adviser,Cook Islands
83311,Troy,Brown,51,1942500,Landscape architect,Greece
4022,Linda,Clarke,52,7773500,"Journalist, broadcasting",Tanzania
83821,Rachel,Blanchard,65,5114700,Careers adviser,Niue
79565,Jessica,Clark,24,5119000,Food technologist,Grenada
68212,Luis,Davis,42,5672600,"Production assistant, television",Anguilla
38701,Pam,Hill,63,2456600,Futures trader,Malawi
66834,Teresa,Cook,39,6265700,IT trainer,Burkina Faso
54666,Dustin,Cook,28,7982100,Soil scientist,Switzerland
22557,Dennis,Jones,28,6443400,Soil scientist,Bermuda
51343,Julie,Hudson,20,1640000,Theme park manager,Micronesia
53552,William,Martinez,34,8634700,Facilities manager,Luxembourg
81678,April,Huang,45,5598600,Hydrographic surveyor,Ireland
33195,Cynthia,Lopez,37,2922200,"Scientist, research (maths)",Brazil
10529,Wanda,Hall,40,8301700,Equality and diversity officer,Belarus
14990,Kathleen,Barnes,54,6355400,"Teacher, special educational needs",Bouvet Island (Bouvetoya)
60550,Ryan,Adams,36,4042200,"Therapist, speech and language",Martinique
10509,Kenneth,Horton,44,1072800,"Loss adjuster, chartered",British Virgin Islands
48348,Jeffrey,Holland,28,6479700,Human resources officer,Marshall Islands
54207,Nichole,Rodriguez,25,9290200,Sales promotion account executive,Ethiopia
75778,Kaitlyn,Perez,37,3399500,Tour manager,San Marino
48924,Maria,Long,61,8307600,"Research officer, government",Fiji
53461,William,Mckee,34,7895900,"Designer, industrial/product",Bhutan
32685,Barry,Moore,27,7709300,Soil scientist,Gambia
26567,Alexander,Peterson,53,1341300,Passenger transport manager,Swaziland
27778,Stephanie,Matthews,41,8879500,Human resources officer,Peru
64147,Michael,Lewis,22,3890600,"Editor, magazine features",Guam
70178,Wanda,Vargas,36,9969300,"Radiographer, therapeutic",Cook Islands
81570,Edwin,Jacobson,51,6459900,Insurance risk surveyor,Gabon
55125,Mitchell,Jackson,45,5473300,Neurosurgeon,Bulgaria
62764,Erik,Holden,55,4707900,Adult nurse,Hong Kong
39044,Stephen,Thompson,34,9651300,Marine scientist,Estonia
74362,Benjamin,Davidson,56,6648000,"Lecturer, further education",Western Sahara
41265,Joshua,Bennett,19,8756100,Chartered loss adjuster,Kazakhstan
71729,Katherine,Wright,51,1480300,Conference centre manager,Jersey
78819,Keith,Peterson,54,5547800,Police officer,China
72198,Albert,Ortiz,53,7653300,Acupuncturist,Canada
50570,Donald,Snyder,62,6774300,Health and safety inspector,Cambodia
69971,Nicholas,Nelson,26,8248700,"Engineer, agricultural",Denmark
19088,Ana,Black,31,1694400,Set designer,Cambodia
7980,Fernando,Boone,30,2948600,Software engineer,Afghanistan
7853,Megan,Wood,18,9784700,Data processing manager,Tuvalu
36844,Joanne,Walker,27,2334000,Public house manager,Monaco
95500,Marie,Torres,28,3824600,Chief Technology Officer,Mongolia
777,Hailey,Fisher,61,2042300,"Engineer, control and instrumentation",Cocos (Keeling) Islands
43740,Robert,Johnson,46,9966100,Bookseller,Burkina Faso
9690,Christopher,Simpson,34,1618100,Company secretary,Guernsey
8562,Gail,Davis,53,9067900,"Scientist, clinical (histocompatibility and immunogenetics)",Chile
49357,Robert,Nguyen,54,5000600,Environmental consultant,Morocco
28013,Thomas,Johnson,52,4059100,Equities trader,Bouvet Island (Bouvetoya)
2729,Beth,Manning,24,2406200,Astronomer,Turkmenistan
6365,Amy,Hunter,53,8111000,Agricultural engineer,New Caledonia
41968,Cameron,Daniels,48,9274400,Neurosurgeon,Maldives
63441,Heather,Anderson,19,6467800,Recycling officer,Holy See (Vatican City State)
58438,Aimee,Parks,37,4230800,Visual merchandiser,Saudi Arabia
33944,Michelle,Francis,21,7810600,"Scientist, product/process development",Saint Pierre and Miquelon
25362,Calvin,Vazquez,25,2279900,Training and development officer,New Caledonia
29303,David,Curry,25,4665300,Data scientist,Timor-Leste
71398,Dean,Mccall,47,4012600,"Surveyor, mining",Canada
82282,Sandy,Carter,32,2219000,Electrical engineer,Cocos (Keeling) Islands
59658,Jane,Wheeler,54,4548500,Office manager,San Marino
54273,Gail,Church,63,5014500,Warehouse manager,Cook Islands
43259,Deborah,Lee,35,8779300,Fine artist,Palau
22799,Paul,Bell,26,5702600,"Chemist, analytical",Falkland Islands (Malvinas)
13124,Elizabeth,Foster,45,5605800,"Teacher, early years/pre",Israel
36065,Jenna,Simmons,57,9200100,Materials engineer,Mozambique
81407,Sandra,Wright,30,9558900,Mudlogger,Guadeloupe
64103,Donald,Conner,61,3742100,Local government officer,Eritrea
63013,James,Guzman,25,6659400,Art gallery manager,Holy See (Vatican City State)
32154,Ashley,Richardson,27,3601800,"Physicist, medical",Saint Vincent and the Grenadines
40096,Vincent,Chapman,62,4879200,"Designer, textile",Nepal
88941,Hailey,Mcclure,42,8496500,Music therapist,Mauritius
35127,Thomas,Hooper,59,7778700,"Journalist, broadcasting",United States Minor Outlying Islands
36431,Nancy,Ware,43,5931600,Homeopath,Zambia
63760,John,Adkins,25,9503700,Information officer,Namibia
94774,Connor,Vargas,41,9720300,"Scientist, physiological",Kazakhstan
44287,Kristy,Espinoza,41,8362500,Occupational therapist,Vietnam
80201,Bailey,Scott,51,5575600,"Designer, furniture",Uganda
81933,Lisa,Burke,21,5903100,Analytical chemist,New Zealand
3541,Carlos,Mooney,25,6873400,Writer,Malawi
96272,Anthony,Clark,54,6234000,"Exhibitions officer, museum/gallery",United States Virgin Islands
9122,Nicolas,Osborne,21,7285900,"Engineer, manufacturing",Haiti
78419,John,Mccullough,54,3275900,Advice worker,Albania
64929,Thomas,Fowler,42,1904800,Financial trader,Estonia
35875,James,Patterson,33,2718400,Warehouse manager,Micronesia
59665,Edward,Evans,61,8930600,Architect,French Guiana
52756,Jared,Duncan,22,5494500,"Pharmacist, community",Uganda
46385,Joseph,Bennett,27,3329900,Statistician,India
39936,Ashley,Cole,64,6237700,"Psychologist, forensic",Mayotte
96513,Christopher,Smith,47,2444000,Sales executive,Serbia
68775,Victor,Bryant,57,9197600,Adult nurse,Vanuatu
55457,Brenda,Hamilton,51,7379300,Sport and exercise psychologist,Palestinian Territory
83549,Sean,Moss,44,3534100,Medical technical officer,China
2618,Kim,Perry,58,5611700,Chartered loss adjuster,Iraq
9262,Levi,Smith,58,4544000,Hotel manager,Italy
32055,Heather,Flores,60,4610100,Research scientist (life sciences),Cayman Islands
44413,Stanley,Fowler,31,2922400,Water engineer,Benin
41284,Nathan,Solis,60,6910600,Comptroller,Bolivia
89099,Michael,Rodriguez,28,7790800,"Doctor, hospital",Cyprus
19115,Blake,Shaw,56,1524600,Tax adviser,Togo
37432,William,Callahan,49,7465600,Meteorologist,Myanmar
19111,Ashley,Moreno,61,9869200,Community arts worker,Korea
89866,Wanda,Medina,36,1418900,Musician,Yemen
2036,Michelle,Davies,18,1898200,Leisure centre manager,Marshall Islands
32037,Jimmy,Christian,25,2897300,Stage manager,Cook Islands
60991,Michael,Payne,31,1187400,Energy manager,Falkland Islands (Malvinas)
93857,Garrett,Booth,57,8575800,"Production designer, theatre/television/film",Trinidad and Tobago
10098,Kevin,Hernandez,56,3766300,"Teacher, music",Saint Vincent and the Grenadines
72486,Michelle,Lowery,49,3681200,Pathologist,Vanuatu
33151,Taylor,Hayes,30,5262400,"Embryologist, clinical",Oman
42740,Jillian,Cruz,49,3555000,Dietitian,Kiribati
87629,Jacob,Peterson,51,1017300,"Administrator, sports",Cook Islands
707,Dennis,Madden,22,7391600,Artist,Reunion
39812,Rachel,Lucas,43,9348900,Comptroller,Slovakia (Slovak Republic)
86770,Gary,Riley,55,2577200,Maintenance engineer,Papua New Guinea
35658,Nicole,Werner,23,4248000,"Psychotherapist, child",Haiti
1546,Stephanie,Jacobs,43,8943700,Operational researcher,Poland
77139,Michael,Smith,28,3645000,Medical sales representative,South Georgia and the South Sandwich Islands
85870,Philip,George,23,2108400,"Buyer, retail",Iran
33008,Dylan,Hansen,52,3317400,Commissioning editor,Finland
25126,Eric,Harper,40,1468000,"Teacher, special educational needs",Saint Lucia
78732,Rebecca,Osborne,29,8304100,"Teacher, music",Ukraine
37494,Kevin,Randall,38,8540800,Landscape architect,North Macedonia
81025,Stephanie,Griffin,39,4652700,Music therapist,Burkina Faso
79551,Daniel,Richards,45,3244500,Administrator,Bouvet Island (Bouvetoya)
24050,Tracy,Jacobs,55,9208700,Food technologist,France
49192,Samantha,Davidson,30,6601800,Orthoptist,Svalbard & Jan Mayen Islands
18639,Aaron,Marsh,61,7030800,Quarry manager,Cyprus
40541,Danielle,Bell,49,2476300,Colour technologist,Switzerland
94700,Jacqueline,Diaz,42,8250800,Armed forces operational officer,Guatemala
9295,Amber,Forbes,40,6443700,Air cabin crew,Cayman Islands
26705,Melissa,Taylor,63,1325200,Tree surgeon,Ecuador
57907,Grant,Wang,56,8621800,Occupational psychologist,Finland
10648,Ashley,Odonnell,45,5096400,Barrister,Monaco
42288,Gary,Meadows,55,1868400,Communications engineer,Sri Lanka
26957,David,Allison,29,3791800,Maintenance engineer,Ireland
39927,Kristopher,Cherry,48,3054800,Neurosurgeon,Anguilla
57738,Sheri,Evans,44,6011700,Information officer,Wallis and Futuna
73910,Megan,Martin,45,2541800,Operational investment banker,Netherlands Antilles
88249,Trevor,Graves,35,9158100,English as a second language teacher,Montenegro
43531,Maxwell,Perez,26,2449400,Equality and diversity officer,Lithuania
38160,Christopher,Garcia,60,6963100,Sports development officer,Norfolk Island
9756,Dwayne,Levy,24,8650400,Geochemist,Kuwait
20360,Hailey,Arellano,33,8831800,Industrial/product designer,American Samoa
14501,Danielle,Fisher,21,7296700,Structural engineer,India
38754,Natasha,Lee,20,2161700,Make,Uruguay
74722,Katherine,Mcgrath,32,1797400,Barrister's clerk,Bolivia
48535,Catherine,Kane,28,8162200,Surgeon,French Southern Territories
36446,Chelsea,White,43,7929000,Interpreter,Turks and Caicos Islands
16016,Brooke,Joseph,27,5559800,"Social research officer, government",Cape Verde
25996,William,Parker,62,5139700,Garment/textile technologist,Netherlands Antilles
317,Melinda,Johnson,56,2181400,Estate manager/land agent,Thailand
44895,Christopher,Kane,48,6915700,Field seismologist,Bahamas
97407,Amber,Walker,38,4748000,"Programmer, multimedia",Sierra Leone
48356,William,Harris,64,2399600,Passenger transport manager,Cuba
93405,Tina,Aguilar,65,1065700,Personnel officer,Somalia
70915,James,Olson,47,1606400,Television production assistant,Aruba
51590,Cody,Rubio,63,8659200,Financial risk analyst,Malta
12949,Amanda,Craig,22,1312700,Building surveyor,Guinea-Bissau
63026,John,Garcia,63,5750000,Community arts worker,Guam
44839,Robert,Williams,61,2736700,Barrister's clerk,Azerbaijan
78130,Rhonda,Hanson,21,3083900,"Designer, textile",British Indian Ocean Territory (Chagos Archipelago)
32578,Kaitlyn,Schmitt,40,8532100,"Psychologist, occupational",Congo
27743,Jack,Stewart,55,9523300,"Surveyor, mining",Malawi
6503,Eric,Martin,23,5399600,Prison officer,Saint Lucia
52241,Charles,Gould,51,4219100,Horticultural consultant,Namibia
69814,Rebecca,Sanchez,23,5179000,Estate manager/land agent,Sudan
68803,Gary,Drake,45,2063900,Television/film/video producer,Finland
27322,Susan,Osborne,35,3704000,Government social research officer,Uruguay
87624,Charles,Salazar,46,2155200,Warehouse manager,Belarus
15922,Tracy,Anderson,47,4457700,Furniture designer,Cameroon
12356,Wayne,Wood,44,4320200,Futures trader,Ethiopia
38907,Lisa,Greene,38,1268200,Mudlogger,Korea
21537,Traci,Burch,53,9704200,Fisheries officer,Portugal
87741,Miranda,Smith,43,5576800,Architect,Norfolk Island
41838,Brian,Campos,39,3332300,Chiropodist,United States Minor Outlying Islands
56565,Stanley,Estrada,44,7131100,"Teacher, special educational needs",Slovenia
20017,Kelly,Wilkinson,30,9846200,Television camera operator,South Georgia and the South Sandwich Islands
40288,Kevin,Jones,55,7898300,Diagnostic radiographer,Mauritania
83922,Nicholas,Wright,40,5982300,Comptroller,Nauru
1140,Kristina,Vasquez,44,2332300,Armed forces technical officer,Lithuania
22575,Cheryl,Greene,42,1868800,IT consultant,Nicaragua
6694,Danielle,Rivera,24,7022100,Air cabin crew,Antarctica (the territory South of 60 deg S)
97240,Ryan,Gamble,23,2397300,Dentist,Antarctica (the territory South of 60 deg S)
60871,Lisa,Krueger,41,7348200,"Education officer, museum",Nauru
37763,Jesse,Peters,57,5893800,Professor Emeritus,Myanmar
81741,Leonard,Gray,57,2913800,"Teacher, English as a foreign language",Qatar
15099,Javier,Peck,34,3053200,"Librarian, public",Christmas Island
98757,Justin,Howe,43,7397600,Lawyer,Aruba
84262,Jeanette,Ortiz,65,3476500,"Psychotherapist, child",Australia
18846,Alicia,Lee,47,9424400,"Engineer, site",Qatar
62164,Jessica,Vazquez,63,9676700,"Copywriter, advertising",United States Virgin Islands
33302,Amanda,Castro,31,7309700,"Designer, multimedia",Gambia
29694,Jamie,Chang,31,2293000,Press sub,Northern Mariana Islands
46355,Brian,Malone,61,5956200,Social worker,Congo
17430,James,Fisher,49,9467200,"Research officer, government",Dominica
639,Catherine,Barry,55,6397700,"Therapist, speech and language",Croatia
92503,James,Ramos,19,2018000,Airline pilot,Mongolia
65586,Theresa,Walsh,40,8316200,"Teacher, early years/pre",Bolivia
17160,Richard,Williamson,35,6624200,"Surveyor, hydrographic",Heard Island and McDonald Islands
21583,Colleen,Farmer,21,8942500,Industrial buyer,Sri Lanka
37237,James,Cunningham,35,9634200,"Surveyor, land/geomatics",Martinique
75942,Melissa,Nielsen,61,3774700,Environmental health practitioner,Cyprus
35996,Crystal,Sanders,58,9570500,Insurance risk surveyor,Saint Vincent and the Grenadines
77136,Michele,Fischer,60,2528400,Insurance risk surveyor,Guinea-Bissau
6527,Jennifer,Turner,39,6530800,Social worker,Qatar
60262,Erica,Morrison,31,4528600,Fisheries officer,Macao
44452,Joshua,Peterson,30,1540000,"Restaurant manager, fast food",Serbia
35155,Andrew,Mclaughlin,31,2293000,Artist,Guatemala
21249,Brian,Rodriguez,57,8798100,"Education officer, community",Bulgaria
45607,Ann,Underwood,26,6170300,Environmental education officer,Aruba
69545,Richard,Baker,57,9894500,Agricultural consultant,Faroe Islands
4239,Deanna,Schmidt,50,2890800,Editorial assistant,Botswana
17194,Angelica,Webb,23,4795900,"Engineer, communications",Honduras
20755,Zachary,Schaefer,47,6589600,Chartered legal executive (England and Wales),Indonesia
92565,Brett,Bryant,44,8504800,Ranger/warden,Libyan Arab Jamahiriya
3405,Maria,Wilson,29,6915100,Public affairs consultant,Syrian Arab Republic
76491,Jasmine,Holmes,62,3448300,"Engineer, communications",Georgia
56432,Andrew,Mccoy,19,1251300,Building control surveyor,Tonga
15144,Melissa,Hubbard,54,1553500,Technical brewer,Liberia
1028,Cameron,Davis,42,9326200,Early years teacher,Chad
4864,Heather,Williams,18,8078900,Soil scientist,Gambia
48623,Angela,Trevino,63,9531900,Clinical biochemist,United Arab Emirates
34945,Jacob,Banks,32,7544400,Company secretary,New Caledonia
95058,Sandra,Reynolds,37,9100500,"Biochemist, clinical",United Arab Emirates
47702,Jasmine,Drake,39,1165500,Surgeon,Congo
87023,Michael,Woodward,20,1794300,Educational psychologist,Palestinian Territory
73472,Michelle,Oconnor,22,2346000,Patent examiner,Hong Kong
46173,Matthew,Anderson,62,6584000,"Designer, textile",Swaziland
17741,Samantha,Jacobs,35,3382200,Sub,Aruba
10975,Kaitlin,Duffy,55,5707700,Chartered management accountant,Cayman Islands
20866,Zachary,Rodriguez,30,1682400,Printmaker,Saint Pierre and Miquelon
85015,Timothy,Chapman,45,1922200,Pension scheme manager,Korea
37792,Elizabeth,Gomez,39,5065600,Comptroller,South Georgia and the South Sandwich Islands
28009,Michael,Blackwell,51,4721300,Logistics and distribution manager,Togo
18300,Paige,Kelly,30,8137300,Accommodation manager,Honduras
65476,Brian,Payne,45,4245900,Acupuncturist,Pitcairn Islands
38413,Brian,Carney,18,5736200,Financial planner,Djibouti
29452,Nicholas,Mckay,36,2889200,International aid/development worker,El Salvador
10210,Linda,Jones,59,2660500,Health promotion specialist,Jordan
37172,Destiny,Drake,21,4243300,Data scientist,Holy See (Vatican City State)
16702,Wesley,Gonzales,52,3573300,Television production assistant,France
35850,Marc,Fitzgerald,21,3604100,Dentist,Hong Kong
65622,Andrew,Kim,37,4917600,"Editor, magazine features",Slovakia (Slovak Republic)
18918,Sandra,Wright,38,9804900,Health physicist,Saint Kitts and Nevis
68503,Allison,Hall,51,4802400,Fashion designer,Iraq
65630,Tina,Miller,18,6480700,Arts administrator,Jersey
56012,Norman,Reynolds,33,8758800,"Surveyor, commercial/residential",El Salvador
90023,Daniel,Sullivan,19,7232600,"Engineer, energy",Norway
65546,Chelsea,Mann,38,2348200,Systems analyst,Kyrgyz Republic
9910,John,Snyder,44,3154900,"Surveyor, minerals",Bouvet Island (Bouvetoya)
70569,Dawn,Bennett,51,6065600,Restaurant manager,Cocos (Keeling) Islands
63267,Tammy,Allen,64,2705400,"Designer, textile",Tokelau
95214,Jesus,Flores,36,6597300,"Secretary, company",Zambia
45374,Jeremiah,Parker,43,3167500,"Solicitor, Scotland",Malta
49453,Michael,Garrett,44,1682100,"Journalist, newspaper",Niue
76802,Craig,Montgomery,60,3340800,"Investment banker, operational",Korea
3145,Amanda,Whitaker,20,3527300,"Programme researcher, broadcasting/film/video",Zambia
76947,Bridget,Mcintyre,34,2903100,Accounting technician,Falkland Islands (Malvinas)
64934,Denise,Reid,43,9511000,Medical technical officer,Montserrat
46952,Seth,Norris,35,1268600,"Buyer, industrial",Guinea
38516,Meghan,Bryant,41,1341300,Special effects artist,Ukraine
29454,Julie,Robinson,22,8801800,English as a foreign language teacher,Argentina
34441,Kimberly,Pena,54,2564800,Multimedia specialist,Lithuania
90863,Steven,Fowler,60,7457200,"Producer, television/film/video",Albania
98090,Mikayla,Burke,45,1202300,"Pharmacist, hospital",Malaysia
58572,Samantha,Smith,63,6361900,Careers adviser,Tanzania
62886,Joseph,Hardin,42,8864800,Barista,French Guiana
33052,James,Powell,65,7537300,"Psychologist, educational",Cambodia
30448,Sean,Johnson,49,4996900,Insurance account manager,Palau
13027,Patricia,Gould,22,7682000,Purchasing manager,Solomon Islands
90502,Michelle,Small,64,5764300,Seismic interpreter,Seychelles
91533,Joshua,Boyd,24,6810500,Illustrator,Bangladesh
75619,William,Mitchell,49,6095300,Logistics and distribution manager,Cote d'Ivoire
66254,Emily,Wilson,24,4892600,Clinical biochemist,Croatia
79203,Vincent,Burnett,22,9419000,Tree surgeon,Malaysia
93965,Brittany,Scott,20,4485600,Facilities manager,Norfolk Island
88390,Ray,Smith,21,8747300,Make,Saint Kitts and Nevis
34469,Benjamin,Evans,44,3925000,"Administrator, charities/voluntary organisations",Djibouti
34941,David,Martin,59,5490600,Commercial/residential surveyor,Senegal
72268,Christopher,Cole,55,9833600,Public house manager,Serbia
74175,Marvin,Parker,34,2902800,"Scientist, research (life sciences)",Martinique
80776,Kelly,Cole,22,4197900,Film/video editor,Indonesia
21732,Laura,Rios,57,9724600,"Scientist, biomedical",Uruguay
23863,Leslie,Bean,46,9273000,Building surveyor,Puerto Rico
15103,Thomas,Lambert,32,5367300,Control and instrumentation engineer,Burundi
54793,Raymond,Miller,58,7122800,"Embryologist, clinical",Barbados
75636,David,Miller,46,3296200,Health service manager,Solomon Islands
35161,Austin,Hanson,58,8784800,Higher education careers adviser,Bermuda
83424,Maxwell,Allen,26,4320500,Freight forwarder,Dominica
41097,Allison,Perez,39,9752700,Advertising copywriter,Marshall Islands
27893,John,Rhodes,64,9623300,"Psychologist, educational",Iran
51410,Eric,Lozano,63,1866600,Marine scientist,Saint Helena
52080,Kelly,Hopkins,41,4168800,Market researcher,Jordan
12610,Yolanda,Stewart,24,9877400,Newspaper journalist,Bulgaria
38008,Debra,Davis,45,5326900,Oceanographer,American Samoa
75432,Richard,Jones,28,5223400,Midwife,American Samoa
46755,Grant,Wilkinson,50,7311200,Television floor manager,Colombia
68648,Angelica,Dawson,60,9967700,Financial manager,Guadeloupe
167,Jose,Martin,47,6304900,Hydrologist,Poland
62379,Tracey,Norris,50,1827800,Art therapist,Faroe Islands
52725,Wesley,Martinez,43,6186500,Systems developer,Honduras
58761,Robert,Beck,18,4747200,Sales executive,Lesotho
16382,Jason,Murphy,36,4201400,Fish farm manager,Guyana
53403,Linda,Collins,23,6408500,Sports administrator,Colombia
1579,Amanda,Smith,33,9786900,Secondary school teacher,Zimbabwe
33832,Christopher,Clarke,21,4107200,Clinical molecular geneticist,Sao Tome and Principe
7330,Brian,Coleman,37,8330100,Fitness centre manager,Uruguay
41441,Brandy,Houston,60,1608400,"Journalist, broadcasting",Jamaica
64265,Michael,Blair,27,3873900,Further education lecturer,Tokelau
24561,Reginald,Arnold,48,7815300,Sports administrator,Pakistan
19982,Gerald,Morris,59,3158700,"Engineer, building services",Paraguay
59720,Kelly,Brooks,62,4557400,Investment analyst,Maldives
76363,Cody,Bradshaw,42,4912900,Financial planner,Antigua and Barbuda
47144,Clarence,Summers,50,6303000,Insurance risk surveyor,United Arab Emirates
58262,Michelle,Thomas,40,3548800,Operations geologist,Guinea-Bissau
37300,Tiffany,Houston,46,2701800,"Psychologist, prison and probation services",Bulgaria
25017,Susan,Wilcox,28,9404000,Historic buildings inspector/conservation officer,Finland
25019,Cristian,Norman,59,3400400,Market researcher,Palestinian Territory
27554,Anthony,Farley,18,8084700,Corporate investment banker,Guyana
40594,Angela,Williamson,28,2845700,Cartographer,Cayman Islands
22410,Nicole,Erickson,47,3024600,Careers information officer,Montserrat
57770,Julia,Jennings,50,8498900,"Engineer, agricultural",Slovakia (Slovak Republic)
39298,Daniel,Andrews,43,2571900,Housing manager/officer,Saint Helena
84123,Johnny,Price,62,6855900,Health physicist,Gambia
29634,Jennifer,Lester,55,7392800,"Engineer, chemical",Indonesia
3175,Brandon,Boyer,19,6322800,Public affairs consultant,Taiwan
7464,Emily,Gonzales,60,8116800,Academic librarian,Ecuador
29150,Brittany,Lee,48,2752500,Facilities manager,Cyprus
11154,Mary,Acevedo,34,5728800,General practice doctor,Iceland
36824,Cindy,Huynh,47,8402000,Chief Operating Officer,Canada
86994,James,Kelly,45,8746100,Careers adviser,Jordan
63908,Anthony,Mcguire,34,2426600,Primary school teacher,Jersey
60588,Larry,Norris,38,6845600,Claims inspector/assessor,Norway
3201,Olivia,Miller,32,1508900,Counsellor,Cote d'Ivoire
88246,Benjamin,Mckay,30,5533700,Special effects artist,Iraq
6329,Anthony,Williams,52,7690900,Research scientist (medical),Vietnam
74798,Tammy,Vaughn,46,7832500,"Civil engineer, contracting",Sweden
54394,Crystal,Mccormick,32,7512000,"Civil engineer, contracting",Dominican Republic
98250,Susan,Jones,41,7916200,Health physicist,Qatar
89252,Rebecca,Vargas,57,4922600,Naval architect,Puerto Rico
78094,Carrie,Yates,60,6942300,"Sound technician, broadcasting/film/video",Gibraltar
63906,Michael,Graham,28,1566300,Patent examiner,Cuba
67684,John,Williams,37,1461600,Clinical psychologist,Guyana
80613,Kyle,Nelson,40,2985000,Counsellor,Taiwan
33068,Kristina,Christensen,43,1215500,Pensions consultant,Malaysia
78107,James,Johnson,56,6255100,Systems developer,Switzerland
3728,Charles,Melton,22,9245500,Tourism officer,Papua New Guinea
67413,Christopher,Mcdowell,47,5306800,Statistician,North Macedonia
98720,Jennifer,Rhodes,42,6604200,Corporate treasurer,Czech Republic
55872,James,Villarreal,36,3290800,Geophysical data processor,Peru
38164,William,Mclean,61,1424500,Horticultural therapist,French Polynesia
44024,Eric,Lopez,49,6685700,"Therapist, sports",United Arab Emirates
87564,Rebecca,Hernandez,50,2983700,"Therapist, nutritional",South Africa
64361,Michael,Mccoy,50,4476900,"Psychologist, sport and exercise",Cameroon
50791,Lisa,Humphrey,58,9033900,Water engineer,Heard Island and McDonald Islands
37473,Jordan,Armstrong,64,6555700,Retail merchandiser,Comoros
68352,Jeff,Lopez,49,7194200,Careers information officer,Niue
35837,Katie,Gomez,39,1264600,Commercial horticulturist,Saint Kitts and Nevis
41894,Carrie,Stone,33,9397500,Industrial buyer,Norfolk Island
24843,Crystal,Weaver,34,3980200,Public relations account executive,Mozambique
87422,Keith,Jackson,21,9227600,Psychiatric nurse,Thailand
74956,Roberta,Newman,61,6113400,Occupational psychologist,Armenia
61120,Robert,Joseph,31,1207600,"Engineer, water",Guadeloupe
82462,Rachel,Cox,50,5291100,Special effects artist,Thailand
22318,Robert,Hale,60,3102900,IT technical support officer,Hong Kong
6980,Jessica,Mosley,28,5235000,Hydrogeologist,Greece
92258,Thomas,Esparza,52,3794300,"Conservation officer, historic buildings",Kenya
4685,Jasmine,Benson,28,4573500,Art gallery manager,Russian Federation
76465,Kimberly,Ball,45,3177500,Sub,Latvia
86442,Matthew,Mendoza,52,8385600,"Research officer, trade union",Barbados
18491,Paul,Nguyen,65,8959800,Bookseller,Iraq
94300,Kirsten,Durham,36,2101300,"Clinical scientist, histocompatibility and immunogenetics",Ethiopia
45577,Kyle,Benjamin,25,3842500,"Nurse, children's",Jamaica
1381,Joel,Hernandez,53,3851500,Analytical chemist,Libyan Arab Jamahiriya
59519,Nicolas,Lopez,31,2639700,Barrister,Spain
78597,Matthew,Brown,37,2916500,Financial adviser,Iran
42800,Thomas,White,60,8270700,"Psychotherapist, dance movement",Falkland Islands (Malvinas)
99614,Gregory,Summers,52,4056000,Animal nutritionist,Tonga
50602,Lucas,Rhodes,42,9431000,Manufacturing systems engineer,El Salvador
42463,Eric,Thompson,61,5483700,Press photographer,United Arab Emirates
72538,Jane,Armstrong,33,5427100,"Engineer, mining",Antigua and Barbuda
93927,Jerry,Sanchez,55,9062700,Interpreter,Benin
24977,Clayton,Gross,49,6383400,"Radiographer, diagnostic",Congo
15675,Zachary,Henson,26,4231400,"Education officer, museum",Cape Verde
11900,Debra,Berry,57,6042600,Product/process development scientist,Nepal
53748,Kristi,Frey,41,7633600,Illustrator,Saint Martin
76411,Anthony,Nguyen,35,3102600,Child psychotherapist,Botswana
46366,Brandon,Pennington,21,4180900,General practice doctor,Grenada
18066,Makayla,Figueroa,36,4036500,Advertising art director,Sri Lanka
64766,Christine,Gilbert,56,3784500,"Programmer, systems",Papua New Guinea
10744,Andrew,Jarvis,31,5401700,Careers information officer,Luxembourg
51861,Lauren,Hodges,44,7619200,Printmaker,Tanzania
55378,Anthony,Hall,19,9611000,Engineering geologist,Hong Kong
45852,Paul,Martinez,20,3708300,Video editor,El Salvador
54373,Kimberly,Riddle,58,7974800,Sports administrator,Nauru
84450,Brandon,Dyer,24,7966100,"Psychologist, sport and exercise",Liechtenstein
76677,Beth,King,57,2161300,Horticultural consultant,Sierra Leone
48172,Christopher,Daniels,58,7175900,Sports development officer,Brunei Darussalam
36551,Christopher,Huff,51,3524300,"Administrator, arts",Korea
86203,Jennifer,Poole,35,9685000,Gaffer,Lesotho
70234,William,Hunt,59,2585900,Analytical chemist,Belgium
90689,Kristin,Montgomery,35,1399900,Insurance account manager,Saint Martin
47984,Karen,Moreno,42,4978000,Marketing executive,Singapore
38829,Elizabeth,Leonard,41,5725900,Landscape architect,Afghanistan
70437,Christina,Allison,65,4153700,Investment analyst,Cyprus
47202,Scott,Dunlap,65,1062600,IT trainer,Svalbard & Jan Mayen Islands
69520,Philip,Mason,45,5698700,"Merchandiser, retail",Netherlands Antilles
10591,Christopher,Mccoy,32,9840800,Plant breeder/geneticist,United Kingdom
70270,Jose,Nguyen,28,2925100,Hospital pharmacist,Costa Rica
63464,Clinton,Gallagher,59,4814900,"Engineer, technical sales",Northern Mariana Islands
46285,Frederick,Smith,35,7024400,Financial planner,Norfolk Island
59167,Ruth,Palmer,45,7175300,Naval architect,Ecuador
394,Theresa,Davis,20,8473100,Statistician,Israel
37803,Michaela,Jones,19,4194800,Restaurant manager,Guatemala
8040,Gary,Cortez,47,7882800,Ambulance person,San Marino
61609,William,Thomas,39,4547800,Merchant navy officer,Peru
25419,Timothy,Carter,37,4178100,Community development worker,Nauru
98949,Aaron,Ferguson,41,6520800,Exercise physiologist,New Zealand
76254,Pamela,Evans,21,3466200,Market researcher,Congo
2685,Roberto,Smith,54,7671600,"Production assistant, television",Somalia
72965,Ruth,Munoz,55,6628900,Secretary/administrator,Antigua and Barbuda
30102,Joshua,Kramer,23,2420500,"Psychologist, sport and exercise",Montenegro
79560,Timothy,Davis,25,7537900,Animator,United States Minor Outlying Islands
4198,John,Fowler,22,4506300,"Psychotherapist, dance movement",Pitcairn Islands
13715,Joanna,Smith,18,1169700,Theatre stage manager,Saint Kitts and Nevis
98156,David,Williams,31,5828100,Retail merchandiser,United States Virgin Islands
98250,Loretta,Smith,62,9040400,Ambulance person,Namibia
30949,Maria,Jones,49,3480700,"Optician, dispensing",Afghanistan
34171,Michael,Barajas,54,7650600,Civil Service fast streamer,Ethiopia
15766,Regina,Johnson,35,2826200,Trading standards officer,United Arab Emirates
15943,Eric,Rice,45,5573900,"Engineer, manufacturing",Malta
75647,Erik,Lin,63,9916900,Outdoor activities/education manager,Monaco
57557,Samantha,Duncan,55,7499900,"Scientist, research (maths)",Bulgaria
98201,Jessica,Harris,63,5086700,Engineering geologist,Denmark
87166,Daniel,Smith,43,5711500,"Research officer, government",Zimbabwe
68175,Elizabeth,Jackson,56,6944600,Dancer,Myanmar
38351,Leslie,Simon,32,3801700,Arts development officer,Paraguay
65844,Lori,Koch,43,3278800,"Development worker, international aid",Austria
26600,Richard,Booth,19,6681200,"Editor, commissioning",Saint Lucia
28547,Austin,Graham,19,9324000,Forensic scientist,Belize
27483,Deborah,Russell,27,9911400,Chartered public finance accountant,Saint Martin
58755,Marcus,Becker,39,6097900,"Scientist, audiological",Lithuania
87445,Victoria,Braun,37,8452200,Contracting civil engineer,Romania
74265,Shannon,Compton,44,8261400,Technical brewer,Gabon
23390,Erin,Luna,20,5530800,Dramatherapist,Morocco
24476,Bryan,Rodriguez,55,8938700,"Surveyor, insurance",Benin
88022,Katherine,Chen,59,6446000,Health and safety adviser,Rwanda
65686,William,Lewis,26,7090000,"Surveyor, planning and development",Turks and Caicos Islands
5322,Vanessa,Doyle,32,7479600,Museum/gallery curator,Dominica
94568,Luis,Rogers,29,8913900,Food technologist,Guinea-Bissau
36801,Elizabeth,Horne,63,6371100,"Sound technician, broadcasting/film/video",Russian Federation
23572,Craig,Romero,52,4084300,Barista,Bouvet Island (Bouvetoya)
89807,Michelle,Mendez,34,1140900,"Engineer, civil (consulting)",Ethiopia
97807,Travis,Gilbert,61,8767600,"Designer, blown glass/stained glass",Saint Barthelemy
9579,David,Shaffer,31,5032300,"Engineer, technical sales",Saint Lucia
20559,Tricia,Wheeler,55,3895200,Chartered management accountant,Singapore
46769,James,Nguyen,53,1947600,Learning disability nurse,Guinea-Bissau
70165,Jennifer,Medina,51,3039200,Aid worker,Luxembourg
51426,Russell,Oliver,31,4717800,"Sales professional, IT",Uruguay
46028,Noah,Perry,45,3698400,Private music teacher,Netherlands
10932,Faith,Williams,30,6336500,Town planner,Lithuania
45624,Patrick,Wilson,22,2001700,"Geologist, wellsite",Saint Pierre and Miquelon
14203,Michael,Hill,56,6445200,Risk manager,Sri Lanka
66078,Kathryn,Krueger,60,8251800,Geoscientist,Cuba
55480,Thomas,Owens,36,2001700,"Engineer, communications",Wallis and Futuna
95181,Sandra,Hatfield,33,9743000,Land/geomatics surveyor,Portugal
37627,Kimberly,Cook,46,3518900,"Education officer, museum",San Marino
91007,James,Greene,23,6304400,Newspaper journalist,Libyan Arab Jamahiriya
67483,Randy,Chandler,46,2851100,Environmental consultant,Equatorial Guinea
65486,Christopher,Bennett,27,9440700,Technical sales engineer,Norfolk Island
30156,Martin,Spencer,30,3349900,Contractor,Finland
90463,Brooke,Wilson,40,3311900,Tourism officer,Austria
68561,Justin,Carrillo,37,4779500,Production engineer,Myanmar
81172,Crystal,Jackson,47,8937300,Estate manager/land agent,Palestinian Territory
89344,Jeffrey,Miller,22,5999500,Animal nutritionist,British Indian Ocean Territory (Chagos Archipelago)
29506,Toni,Clarke,36,9657300,Health visitor,Guyana
74995,Mario,Smith,50,9195900,Patent examiner,Kiribati
18168,Marcia,Case,19,4155000,Maintenance engineer,Northern Mariana Islands
70672,Andrew,Phillips,43,7079000,Chief Operating Officer,Russian Federation
40346,Kelly,Williams,23,6653900,Proofreader,Anguilla
74825,Janet,Cooper,60,5861600,Ranger/warden,Hungary
89004,John,Holmes,22,3544400,"Surveyor, insurance",Holy See (Vatican City State)
86753,John,Marshall,55,8844400,Physiological scientist,Antarctica (the territory South of 60 deg S)
33707,Thomas,Long,49,3011800,"Social research officer, government",Indonesia
3660,Gregory,Escobar,65,1795100,Fisheries officer,Sweden
64375,Brandy,Morgan,65,7782800,Advice worker,Bhutan
77039,Dawn,Ellis,59,8094500,Event organiser,Indonesia
98024,Stacey,Arnold,25,1762200,Astronomer,Palau
95595,Derek,Higgins,55,5625800,Mechanical engineer,Belize
60242,Lauren,Bauer,30,4835300,Midwife,Falkland Islands (Malvinas)
4814,Derek,Mcpherson,51,6135900,Chemical engineer,Niue
46548,Brian,Mason,62,8617100,Human resources officer,Kenya
24791,Suzanne,Mendez,39,3526600,"Surveyor, mining",Saudi Arabia
95179,Kelly,Graves,28,4720600,IT trainer,New Caledonia
13879,Ryan,Anderson,29,9335900,Senior tax professional/tax inspector,Germany
28864,Jerry,Butler,53,5375400,Firefighter,Tokelau
32707,Emily,Patrick,20,3074400,"Chemist, analytical",Luxembourg
49605,Janice,Mathews,51,7846200,Chief Marketing Officer,Canada
46872,Jennifer,Barrett,51,5997800,Psychiatrist,Guinea-Bissau
28160,Kenneth,Brown,42,4778800,Archivist,Reunion
41201,Brenda,Hutchinson,41,1732700,Archaeologist,Croatia
66981,Nicole,Vega,46,5781000,Corporate investment banker,American Samoa
90,Jennifer,Garcia,35,7222400,Outdoor activities/education manager,Egypt
83338,David,Harrison,32,9188700,"Engineer, civil (contracting)",Kiribati
96267,Eric,Doyle,48,3274100,"Education officer, community",Heard Island and McDonald Islands
3296,Lindsey,Wilson,46,3787300,Landscape architect,Guam
95797,Shelby,Marshall,21,1628400,Outdoor activities/education manager,Germany
64235,Benjamin,Winters,63,8478600,Legal executive,Dominican Republic
30011,Ashley,Lawson,27,9502400,Clothing/textile technologist,Tonga
84851,Vanessa,Jones,60,9263700,Financial risk analyst,Lao People's Democratic Republic
13865,Victoria,Jimenez,24,3122400,Building surveyor,Turkey
17495,Joseph,Rogers,52,8455200,Health promotion specialist,Andorra
93436,Megan,Ward,23,4435300,Homeopath,Turkey
64099,Robert,Mccoy,20,3561100,Corporate treasurer,North Macedonia
12068,Justin,Neal,52,7055100,Print production planner,Estonia
57247,Lisa,King,44,3069900,Clinical psychologist,Spain
97166,Susan,Green,63,1189900,Theatre stage manager,Cuba
23586,Charles,Peters,32,9119200,Accommodation manager,Lesotho
41494,Joshua,Clark,50,9308600,Textile designer,Somalia
93442,Jessica,Hernandez,60,1917200,Human resources officer,Netherlands Antilles
71777,William,Franklin,32,9862400,Archivist,Montserrat
76580,Michael,Greene,19,9222100,Theatre stage manager,Cape Verde
1363,Patricia,Arellano,33,6512300,Television/film/video producer,Saint Pierre and Miquelon
31795,Robert,Jones,53,9083600,Ergonomist,Croatia
69255,Pamela,Thomas,34,4489700,"Therapist, art",Guatemala
4693,Mary,Patterson,44,2238000,Art gallery manager,Trinidad and Tobago
19768,Dennis,Harris,29,3369100,Garment/textile technologist,Ukraine
1984,Joe,Jacobs,26,3705200,Orthoptist,Morocco
41417,Katrina,Williams,65,5600600,Restaurant manager,Saint Vincent and the Grenadines
29293,Robert,Evans,18,1987500,Metallurgist,Latvia
20848,Rebecca,Martinez,52,3105900,Garment/textile technologist,Qatar
22991,Michael,Ashley,27,1713700,Production manager,Luxembourg
83918,Justin,Velez,30,9321100,Chief Operating Officer,Mali
4133,Megan,Spencer,29,1031000,Clinical cytogeneticist,Barbados
17902,Matthew,Davidson,30,7369700,Company secretary,Oman
15931,Lisa,Garcia,25,1170800,Chief Operating Officer,Canada
67901,Justin,Morgan,38,3526400,Chief Marketing Officer,Mali
48526,Steven,Torres,28,3901000,Production engineer,Germany
77441,Kathleen,Russell,55,2123900,Forensic psychologist,American Samoa
69203,Holly,Howard,36,5637000,Microbiologist,Dominican Republic
25820,Danielle,Mcknight,27,1734800,Production engineer,Holy See (Vatican City State)
68000,John,Jones,24,7922100,Higher education lecturer,Panama
69727,Garrett,Jackson,48,7032600,"Engineer, control and instrumentation",Montserrat
12385,Charles,Black,20,1718700,Midwife,Georgia
87359,Gary,Russell,21,4505800,Electrical engineer,Marshall Islands
28845,Brooke,Santana,36,3518500,"Administrator, education",El Salvador
79044,Debra,Riley,37,4363800,Theatre director,Turkey
34466,Shelby,Bennett,54,5988800,Nutritional therapist,Gambia
65851,Donald,Brady,28,1366700,Recycling officer,Korea
41355,Stephanie,Brown,53,2397800,Production manager,Liechtenstein
66722,Charles,Galloway,52,7861400,Technical author,Cuba
75613,Thomas,Long,35,7911300,Quantity surveyor,Hong Kong
67400,Christopher,Solomon,21,3111400,Hospital pharmacist,Czech Republic
59271,Melanie,Davis,21,5505100,"Engineer, technical sales",Cyprus
46153,Craig,Johnson,49,1679600,Hydrographic surveyor,Togo
89620,Maria,Young,19,1194800,Fitness centre manager,Jordan
71020,Sarah,Fitzpatrick,36,8555300,Tour manager,Latvia
82010,Jessica,Daniels,62,8320100,Counsellor,Tajikistan
87555,Joseph,Johnson,27,4547200,"Engineer, energy",Palau
14274,Kathryn,Solis,56,4686100,Chartered certified accountant,Germany
24482,Ryan,Marsh,32,7767000,Make,Sri Lanka
90281,Jennifer,Mcgee,42,5767400,Information officer,Norway
27278,Annette,Jackson,24,4121500,"Surveyor, minerals",Seychelles
14589,Robin,Russell,40,8349900,"Therapist, speech and language",Saint Barthelemy
26214,Keith,Jones,43,8571400,Midwife,Malawi
66346,Patrick,Ramsey,32,7775000,Barrister's clerk,Montserrat
59037,Jose,Anderson,27,5204300,"Accountant, chartered",Jordan
99373,Michael,Watson,31,7831000,"Administrator, Civil Service",Morocco
4570,Elizabeth,Bell,36,4170800,Public house manager,Bahrain
61463,Carrie,Lewis,20,1856600,Health visitor,Yemen
75053,Jessica,Moore,51,2861100,Water engineer,Thailand
71143,Gerald,Rodriguez,45,1897700,Geophysicist/field seismologist,Algeria
64825,Blake,Khan,59,9004500,Charity officer,Suriname
85376,Kelsey,Santiago,63,7206600,Chief Operating Officer,Guam
45505,Heather,Thompson,55,8750300,Equities trader,Cuba
56787,Pedro,Gibbs,65,2776000,Chief Strategy Officer,Lithuania
49993,Michael,Palmer,63,1328200,Production manager,Jamaica
53445,William,Hogan,65,7479700,Building services engineer,Guam
54415,John,Harris,34,4627800,Software engineer,Azerbaijan
76228,Chase,Hicks,35,8425800,Adult guidance worker,Chile
29947,Christopher,Hartman,19,5480700,Ship broker,Tokelau
23375,Brooke,Larsen,33,8442900,Furniture designer,Luxembourg
96684,Bradley,Lee,46,9022900,Hotel manager,Kuwait
34852,Seth,Davidson,40,3153000,"Psychotherapist, dance movement",Christmas Island
15329,Emily,Alexander,41,2793900,Audiological scientist,India
45829,Natalie,Garcia,53,6012400,Horticultural consultant,Eritrea
6719,Christopher,Santiago,64,2940500,Patent examiner,Brazil
66989,Katie,Barajas,26,8005700,"Editor, commissioning",Uzbekistan
71317,Michael,Stein,38,8598900,Special educational needs teacher,Liberia
21459,Joseph,Robinson,20,1815200,Archivist,Nauru
8779,Trevor,Potter,65,2545900,Therapeutic radiographer,Estonia
34505,Roberta,Lewis,36,8257000,General practice doctor,Marshall Islands
32230,Brandon,Durham,59,3887200,"Editor, magazine features",Mongolia
64081,James,Jones,53,9503400,"Surveyor, mining",Bolivia
33008,Christopher,Anderson,32,4826800,Community arts worker,Sierra Leone
26460,Lauren,Brown,48,9077100,Set designer,Puerto Rico
64176,Brianna,Hernandez,58,5499500,"Scientist, research (physical sciences)",United Arab Emirates
38064,Jacob,Mcdonald,38,3495100,"Scientist, research (medical)",Cape Verde
20024,Richard,Haley,50,3231400,Manufacturing systems engineer,Congo
27320,Kristine,Lucas,45,5267800,"Therapist, art",Marshall Islands
67860,Adrian,Roberts,34,1792600,"Teacher, music",India
7060,Nicole,Mcfarland,32,9189300,Museum/gallery curator,Antarctica (the territory South of 60 deg S)
7044,Bryce,Sandoval,42,8667900,"Engineer, manufacturing",Turkmenistan
4288,Christopher,Keller,65,6264900,Editorial assistant,Western Sahara
92041,Matthew,Hopkins,33,1132900,Games developer,Jordan
3505,George,Flowers,23,6269500,"Psychotherapist, dance movement",South Georgia and the South Sandwich Islands
38500,Jeffrey,Mitchell,40,2642500,"Engineer, broadcasting (operations)",Tokelau
44721,Angela,Houston,43,3337300,Further education lecturer,Senegal
29359,Scott,Jones,52,6546900,"Geneticist, molecular",Poland
65116,Kimberly,Wagner,53,8799100,"Surveyor, planning and development",Vietnam
17918,Kyle,Odom,43,6403800,Retail merchandiser,Syrian Arab Republic
12654,Elizabeth,Guerra,35,6393900,Midwife,Bouvet Island (Bouvetoya)
97334,Judith,Duarte,61,5578500,Biomedical scientist,San Marino
25575,Justin,Hall,24,1907600,Games developer,Nigeria
42167,Robin,Ferguson,30,3653900,Associate Professor,Zambia
57014,Emily,Long,52,9446700,Photographer,Slovenia
81341,Michelle,Reyes,60,9809700,"Editor, film/video",Cape Verde
92930,Julie,Watson,27,3338300,Seismic interpreter,Saudi Arabia
45798,Joan,Escobar,50,7338200,Civil Service administrator,Gabon
37390,Gordon,Fisher,60,4139500,Ophthalmologist,Lesotho
1377,Roger,Smith,32,6427300,"Engineer, electrical",Comoros
97035,Daniel,Hall,55,5075400,Chief Financial Officer,Puerto Rico
72750,Kayla,Elliott,31,5029500,Research scientist (medical),Honduras
45507,Andrew,Zimmerman,51,7807200,"Engineer, production",Micronesia
1588,Michael,Moreno,59,2149400,Museum/gallery curator,Dominican Republic
99683,Calvin,Kennedy,33,5569600,Immigration officer,Belgium
99171,Ashley,Smith,36,6436300,Ranger/warden,Cambodia
89428,Amy,Chavez,26,7475000,Regulatory affairs officer,Paraguay
40776,Terri,Miller,25,3945500,"Loss adjuster, chartered",British Virgin Islands
11528,Andrew,Gonzalez,20,8782800,Museum/gallery conservator,Vanuatu
24299,Victoria,Jones,28,1597600,"Engineer, mining",Cote d'Ivoire
47342,Haley,Morgan,25,5677100,Conference centre manager,Guatemala
76202,Katherine,Peters,35,4475200,Research scientist (medical),Malta
96396,Brandon,Wilson,51,5616200,Corporate investment banker,Antigua and Barbuda
29077,Brian,Price,57,4738600,"Social research officer, government",Bulgaria
70371,Kristina,Stanton,59,4678200,Electronics engineer,Kiribati
98132,Tommy,Rhodes,28,9595700,Energy manager,Jamaica
13796,Jimmy,Pruitt,33,7898900,Veterinary surgeon,Yemen
84589,Catherine,Sims,57,2293000,Private music teacher,Guinea
79903,Cassandra,Foster,50,1133700,Event organiser,Papua New Guinea
83080,Renee,Macias,30,8036300,Chartered loss adjuster,Gabon
71725,Ronald,Hays,49,9012400,Scientific laboratory technician,Isle of Man
88304,Bonnie,Richards,31,5923000,Armed forces logistics/support/administrative officer,Belize
44622,Nicholas,Fernandez,60,2456300,Building services engineer,Honduras
33108,Michelle,Patterson,50,1475400,Housing manager/officer,Luxembourg
14648,Erin,Liu,38,3866600,Photographer,Timor-Leste
90370,Whitney,Reynolds,22,7592400,Recycling officer,El Salvador
8741,Karen,Gould,37,5423200,Insurance underwriter,Mali
67422,Emily,Mitchell,49,6851000,Arts administrator,Jordan
40746,Richard,Garner,23,7095500,Environmental education officer,New Caledonia
75041,Anne,Watts,33,9873200,Hydrographic surveyor,Netherlands Antilles
42772,Mark,Hall,35,4933500,"Scientist, research (physical sciences)",Italy
7413,Jose,Anderson,47,2958500,Broadcast journalist,Jersey
87237,Nicole,Griffith,44,2378300,Animator,Montenegro
5363,Nicole,Thompson,54,5246300,Medical sales representative,Greenland
68854,Jeremy,Washington,65,4189500,Quarry manager,Liberia
17224,Robert,Watson,30,6971900,"Designer, interior/spatial",Kyrgyz Republic
71717,Jonathan,Phillips,57,7369100,Orthoptist,Equatorial Guinea
32829,Marie,Newton,25,6217300,Facilities manager,Trinidad and Tobago
15209,Jacob,Brown,54,1449200,Financial risk analyst,Armenia
92484,Sarah,Johnson,53,6827200,"Engineer, manufacturing systems",Lithuania
60364,Cheyenne,Greene,37,9479500,Optometrist,Ireland
20953,Danny,Garza,37,2292600,Broadcast engineer,Armenia
63977,Natalie,Young,31,6476800,"Engineer, control and instrumentation",Western Sahara
47526,Mary,Baldwin,54,7270300,"Scientist, clinical (histocompatibility and immunogenetics)",Svalbard & Jan Mayen Islands
21882,Keith,Allen,25,3809800,"Scientist, clinical (histocompatibility and immunogenetics)",Macao
72197,Kristina,Bowman,36,2009600,Agricultural engineer,Mali
2340,Carrie,Tate,44,8654800,Exercise physiologist,Japan
91110,Jeffrey,Taylor,50,2671500,Sales executive,Denmark
28922,Michelle,Morris,19,1489900,Architect,Madagascar
28414,Kenneth,Davies,39,1548000,Commissioning editor,Madagascar
63054,Justin,Benson,59,1594100,Dance movement psychotherapist,China
87510,William,Coffey,65,3980600,Lawyer,Guinea-Bissau
87414,Kelly,Daniel,28,3627400,"Therapist, drama",Mozambique
75104,Alexandra,Olson,52,4141400,Primary school teacher,Korea
81584,Lauren,Bird,64,1536100,Quarry manager,Haiti
11531,Tony,Donovan,58,3160000,Risk analyst,Syrian Arab Republic
89351,Sara,Cruz,51,1095400,"Programme researcher, broadcasting/film/video",Ukraine
59899,Robert,Duncan,48,4404600,Management consultant,Bulgaria
67208,Joseph,Bell,40,5962000,Jewellery designer,Uganda
3804,Monique,Scott,39,8488200,Dance movement psychotherapist,Chile
8224,Dennis,Waters,59,4249000,"Engineer, structural",Guyana
13597,Gary,Santana,56,7984400,Tax adviser,Cocos (Keeling) Islands
52846,David,Foley,53,3961900,"Education officer, community",Gibraltar
16374,Jennifer,Bridges,36,8764300,Herpetologist,Cape Verde
90203,Tiffany,Wright,27,5799400,Community pharmacist,Finland
72352,Susan,Dunlap,44,8103100,"Scientist, audiological",Belarus
28230,Kathleen,Campos,65,6007900,Structural engineer,Turkey
28860,Steven,Thompson,24,1525800,Music therapist,Portugal
32411,Jared,Roy,46,4218400,"Surveyor, rural practice",Portugal
18898,John,Moon,48,2034400,Cytogeneticist,Western Sahara
30879,Sheri,Dyer,27,9223600,Architectural technologist,New Zealand
47655,Michelle,Wagner,31,5642900,"Journalist, magazine",Saudi Arabia
2830,Jorge,Duncan,29,4126000,Illustrator,Indonesia
76354,Matthew,Robertson,18,6076600,"Scientist, forensic",Ghana
26937,Richard,Kennedy,24,7799500,"Administrator, sports",Niue
10869,Monique,Miller,55,3150300,"Scientist, research (maths)",Bangladesh
39834,James,Lawrence,44,6475500,Dance movement psychotherapist,Liberia
96419,Kelly,Massey,38,2010400,Insurance account manager,South Georgia and the South Sandwich Islands
3188,Steven,Brown,60,6587800,Insurance account manager,Latvia
27589,Laura,Hawkins,52,1877800,Broadcast presenter,Belarus
65078,Jerry,Jacobs,64,1198200,Hydrogeologist,Serbia
68878,Gina,Stewart,28,1388600,Financial risk analyst,Cuba
18452,Jennifer,Escobar,61,7531700,"Psychologist, counselling",Timor-Leste
75842,Sarah,Wilson,46,3941900,Dietitian,Benin
36288,Wayne,Torres,48,8415300,Historic buildings inspector/conservation officer,New Zealand
99845,Danielle,Calhoun,58,6165500,Contractor,Norway
56086,Katie,George,27,5874600,Horticultural therapist,Reunion
19693,Melissa,Day,27,6397500,Primary school teacher,Maldives
34128,Patrick,Underwood,46,7529500,Company secretary,Nicaragua
18663,Taylor,Brown,42,9971100,Chief Marketing Officer,Saudi Arabia
58424,Jaime,Mosley,21,9273500,"Engineer, manufacturing systems",Nicaragua
89143,Brandy,Tran,49,7330400,Physiological scientist,Mauritania
31889,David,Levine,61,1200100,Patent attorney,Ukraine
71215,Madison,Thompson,44,6372100,Music tutor,Cote d'Ivoire
70596,Lisa,Sherman,35,5305400,Field seismologist,Hungary
15960,Charles,Petty,58,8130900,"Civil engineer, consulting",Mauritania
9377,Gloria,Smith,25,9934900,Midwife,Jordan
95482,Erica,Patel,51,7699100,Music therapist,Malaysia
97817,Brenda,Lee,59,6245100,Forensic psychologist,Congo
49399,Anthony,Murphy,63,9609300,Land,Saudi Arabia
76118,David,Acevedo,19,4401500,Barrister's clerk,Tonga
88233,Nicole,Morgan,27,8526500,Commissioning editor,Spain
57241,John,Cook,55,5551500,Chief Technology Officer,Mayotte
92189,Amanda,Hernandez,30,2592800,Science writer,Nauru
68896,Douglas,Smith,25,6458400,Medical laboratory scientific officer,North Macedonia
42167,Stephanie,Fields,61,4773400,"Psychologist, sport and exercise",Egypt
4110,Daniel,Price,47,9594100,"Development worker, international aid",India
66480,Brittany,Carson,33,8691900,Dietitian,Belgium
55498,David,Wallace,49,8250900,"Psychologist, counselling",Martinique
96732,Drew,Mckinney,41,6572000,Furniture designer,Luxembourg
59694,Melissa,Crawford,37,5872300,"Journalist, magazine",Antarctica (the territory South of 60 deg S)
44918,Julie,Frank,41,2045900,"Lighting technician, broadcasting/film/video",Uzbekistan
58410,Isaiah,Harrington,43,6175800,Surgeon,Belgium
35472,Megan,Andrade,31,7642900,Chiropractor,Monaco
97975,James,Rosario,37,6659400,Physiotherapist,Honduras
16406,Jason,Bell,51,4808400,Outdoor activities/education manager,Grenada
61478,Joshua,Robertson,55,8168100,Water quality scientist,Moldova
59666,Jacob,Kelly,34,9257800,Retail buyer,Niue
65524,Amber,Osborne,21,7079500,Commercial art gallery manager,Uganda
31348,Christopher,Herrera,63,4745100,Astronomer,Saint Lucia
71344,Roberto,Moore,32,9084200,"Research officer, political party",Egypt
43297,Kathy,Mitchell,23,9912300,"Engineer, mining",Saint Martin
81123,Michelle,Arnold,45,5261700,Television/film/video producer,United Kingdom
85230,Lynn,Garcia,58,5547500,Community education officer,Argentina
89217,Dawn,Martinez,38,5523200,Museum/gallery exhibitions officer,China
12266,Jeffrey,Price,40,2358200,"Administrator, Civil Service",Afghanistan
3481,Tammy,Walsh,29,3385200,Waste management officer,Vanuatu
9535,Denise,Jones,42,8272000,Wellsite geologist,Saint Barthelemy
89160,Brian,Hall,31,7412900,"Civil engineer, contracting",Antigua and Barbuda
37376,Katelyn,Phelps,49,4082300,Recycling officer,Saint Kitts and Nevis
68491,Stephanie,Peterson,53,4865600,Mining engineer,Belgium
91825,Patricia,Diaz,57,1634300,Financial manager,Turkey
98875,Jennifer,Shea,50,8890300,Research scientist (life sciences),Libyan Arab Jamahiriya
20395,Mary,Floyd,30,4703200,"Engineer, land",Philippines
39334,Annette,Webb,21,1615700,Customer service manager,Brazil
15613,Timothy,Tran,65,7883100,"Programmer, applications",Cook Islands
38045,Ashley,Ward,60,9897900,Information officer,French Polynesia
31575,Kevin,Knapp,42,6680300,Colour technologist,Japan
84395,Hannah,Acosta,21,3754500,Dancer,French Polynesia
45325,Charles,Kaiser,36,3391200,Computer games developer,Comoros
59995,Jason,Bradley,57,6309800,Set designer,Qatar
41452,Leah,Allen,43,6447900,Industrial/product designer,Saint Vincent and the Grenadines
98189,Denise,Barnes,26,5724500,Armed forces training and education officer,Nicaragua
9190,Andrea,Evans,39,5351100,"Therapist, occupational",Paraguay
47218,Kenneth,Oliver,44,9212400,Cabin crew,Bolivia
88488,Jose,Ray,36,5758600,Tax inspector,Iran
99619,Christina,Ramirez,32,3878000,Statistician,Zimbabwe
82278,Jeremy,Walker,38,3713000,"Editor, magazine features",Turkey
35776,Richard,Hunter,48,8259300,Mudlogger,Anguilla
1611,John,Contreras,31,7599700,Chiropodist,Bahrain
88363,Kenneth,Zavala,38,5303800,Art therapist,Hungary
94279,Mary,Hughes,43,6568900,Sales promotion account executive,San Marino
85160,Stephen,Turner,56,2396300,Architect,Yemen
91270,Scott,Griffin,33,9324300,Arboriculturist,Andorra
48704,Micheal,Carter,60,6564700,Psychiatrist,Barbados
64952,Nicolas,Cameron,19,9603300,Optometrist,Greenland
10110,Neil,Wallace,44,1400400,"Teacher, English as a foreign language",Togo
66832,Janice,Robinson,28,9730600,"Conservation officer, nature",Micronesia
46316,Sara,Torres,31,2660500,Human resources officer,Azerbaijan
68544,Troy,Miles,22,4083500,Financial trader,United States of America
3552,Curtis,Tucker,36,9422300,"Accountant, chartered",Lesotho
17974,Michael,Jenkins,45,4417900,Television camera operator,Jordan
33504,Megan,Burns,28,5795100,English as a foreign language teacher,Maldives
75970,Samantha,Barber,25,1971100,Equities trader,Yemen
2172,Kevin,Mclaughlin,51,8553800,Land,South Africa
44301,Norma,Andrade,35,9289300,Tree surgeon,Cameroon
58553,Victor,Weeks,61,3715400,Television/film/video producer,Antarctica (the territory South of 60 deg S)
85480,Jessica,Griffin,21,1180400,Prison officer,Costa Rica
74313,Carl,Mata,29,7806200,Gaffer,Pitcairn Islands
26258,Carol,Lewis,56,1543300,"Research officer, trade union",South Georgia and the South Sandwich Islands
42469,Anthony,Mcgee,25,9249300,Best boy,United Arab Emirates
59368,Barbara,Hughes,44,7572800,"Surveyor, hydrographic",Chile
26470,Christopher,Jimenez,28,7017300,"Designer, blown glass/stained glass",Palau
5335,Stephanie,Boyer,20,2475200,Education administrator,Lebanon
51849,Susan,Dalton,48,4652600,Horticultural therapist,Spain
73135,Jennifer,Burns,65,1219900,Fine artist,Papua New Guinea
26781,Daniel,Foster,46,8160500,Research scientist (physical sciences),Solomon Islands
93069,Anthony,Peck,55,4992400,Clinical cytogeneticist,Cape Verde
54522,Christopher,Holt,45,7228700,"Surveyor, minerals",Marshall Islands
66530,Jeffrey,Carter,35,7970400,"Accountant, chartered public finance",Niger
65287,Sharon,Huffman,41,6910900,Investment analyst,Italy
8274,Patricia,Navarro,60,1148400,"Education officer, community",Egypt
38275,Daniel,Hicks,40,2750300,"Engineer, civil (consulting)",Madagascar
3153,Courtney,Marquez,46,2066000,"Surveyor, building",Libyan Arab Jamahiriya
88428,Richard,Turner,30,8100500,Glass blower/designer,Northern Mariana Islands
19669,Matthew,Collins,44,1203700,Technical brewer,Honduras
68260,Kathy,Jones,29,5104800,Immigration officer,Jordan
30865,Lauren,Fuller,24,9819000,Tourism officer,Cayman Islands
31121,Richard,Frederick,34,8633400,"Designer, ceramics/pottery",Guinea-Bissau
92029,Thomas,Johnson,59,2966800,Health physicist,Ecuador
43474,Steven,Smith,41,7362200,Air broker,Guinea-Bissau
44686,Jennifer,Clark,61,8888100,Immunologist,Norway
18853,Nicole,Arellano,26,7947100,Geochemist,Holy See (Vatican City State)
11339,Heather,Murphy,61,1645000,Clinical embryologist,Antigua and Barbuda
55579,Dominique,Henderson,30,9068600,"Programmer, applications",Palau
92675,Kristen,Sullivan,32,5784900,Herbalist,Armenia
62469,Peggy,Torres,46,3492700,"Surveyor, land/geomatics",Gibraltar
13137,Michael,Johnson,20,9264000,Tour manager,Montserrat
4337,David,Short,18,4204900,Meteorologist,Sweden
95207,Christopher,Hall,38,4755000,Trade union research officer,Costa Rica
68761,Hannah,Zimmerman,37,5062900,Land,Honduras
89817,Amanda,Ellis,19,8476500,Health and safety adviser,Lebanon
10011,Ashley,Ayala,22,3141900,Theatre director,Isle of Man
96402,Travis,Williamson,35,2607700,Radiation protection practitioner,United Arab Emirates
33421,Sara,Richards,23,7037700,Water quality scientist,Jersey
62450,Thomas,Wilson,41,4239800,Occupational therapist,Papua New Guinea
7149,Allison,Davis,19,7759700,"Librarian, public",Croatia
94741,Andrea,Green,64,8215900,"Doctor, hospital",Montenegro
47526,Tina,Hall,22,8319000,Metallurgist,Ecuador
74883,Nathaniel,Levy,65,6197300,Call centre manager,Cuba
50848,John,Lloyd,59,4167800,"Teacher, special educational needs",Liberia
38797,Vicki,Fuller,44,6265300,"Surveyor, quantity",Angola
44029,Lindsay,Kennedy,35,9929700,Pension scheme manager,Bouvet Island (Bouvetoya)
4856,Michelle,Lewis,20,4730200,"Merchandiser, retail",Uruguay
85356,Elizabeth,Shelton,20,9587200,Osteopath,Turkey
38924,Matthew,Valdez,18,5784200,Museum education officer,Cocos (Keeling) Islands
15317,Brett,Taylor,38,6450500,Artist,Czech Republic
33708,Shelly,Irwin,30,8117900,Air cabin crew,Turkey
63208,Andrea,Hubbard,36,4293300,Medical secretary,Nauru
70416,Madison,Spencer,37,8648600,Arts administrator,Reunion
43255,Marco,Sanchez,56,2520700,Health visitor,Greenland
45210,Carlos,Johnson,49,3716800,"Psychologist, counselling",Saint Barthelemy
42810,Rachel,Brown,48,1135700,"Scientist, research (maths)",Martinique
82514,Brandon,Gregory,18,6854200,"Psychologist, counselling",Belize
49779,Jacqueline,Rodgers,55,5096300,"Scientist, biomedical",Kyrgyz Republic
88841,Daniel,Skinner,34,1981400,Community education officer,Bouvet Island (Bouvetoya)
42032,Jacqueline,Smith,24,3247500,"Research officer, government",Wallis and Futuna
61030,Stefanie,Brown,24,8781900,Legal secretary,Tunisia
69226,Maria,Phillips,54,5275400,Field trials officer,Kuwait
91538,Carol,Dawson,26,3736700,Clinical molecular geneticist,Paraguay
11204,Meghan,Wilson,51,4616700,"Surveyor, rural practice",Belarus
41640,Victoria,Peters,36,1026400,Risk analyst,Cook Islands
7396,Mary,Perez,64,2426300,Sports administrator,Colombia
25488,Jesse,Nelson,53,3844800,Astronomer,Palestinian Territory
55001,Dustin,Richardson,33,5946800,Freight forwarder,Cameroon
22959,Tyler,Henderson,41,5019500,Mechanical engineer,Bhutan
24730,Johnny,Ray,35,2240300,Airline pilot,Estonia
64960,James,Warner,63,9384400,"Administrator, charities/voluntary organisations",Norway
786,Tanya,Morris,49,5042000,Dispensing optician,Niger
49367,Michael,Cabrera,24,9985000,Arts administrator,San Marino
99391,Michael,Lewis,18,9869200,Research scientist (maths),United Arab Emirates
6582,Lori,Nelson,31,3008400,Audiological scientist,Burkina Faso
44158,Rachel,Cox,57,9150900,Patent examiner,South Africa
